<?xml version="1.0" encoding="UTF-8"?>
<!DOCTYPE suite SYSTEM "https://testng.org/testng-1.0.dtd">
<suite name="Suite">
<parameter name="username" value="demosalesmanager"></parameter>
<parameter name="password" value="crmsfa"></parameter>
<parameter name="url"      value="http://leaftaps.com/opentaps/control/login"></parameter>
  <test thread-count="5" name="Test">
    <classes>
      <class name="testng.week6.CreateLead"/>
      <class name="testng.week6.DeleteLead"/>
      <class name="testng.week6.FindLead"/>
      <class name="testng.week6.DuplicateLead"/>
    </classes>
  </test> <!-- Test -->
</suite> <!-- Suite -->
