<?xml version="1.0" encoding="UTF-8"?>
<!DOCTYPE suite SYSTEM "https://testng.org/testng-1.0.dtd">
<suite name="Suite"  verbose="5">
<parameter name="username" value="demosalesmanager"></parameter>
<parameter name="password" value="crmsfa"></parameter>
<parameter name="url"      value="http://leaftaps.com/opentaps/control/login"></parameter>
  <test thread-count="5" name="Dataprovider">
    <classes>
      <class name="testngexercise.day1.CreateLead"/>
      <class name="testngexercise.day1.DeleteLead"/>
      <class name="testngexercise.day1.MergeLeadTestCase"/>
       </classes>
  </test> <!-- Dataprovider -->
</suite> <!-- Suite -->
