<?xml version="1.0" encoding="UTF-8"?>
<!DOCTYPE suite SYSTEM "https://testng.org/testng-1.0.dtd">
<suite name="Suite" >
  <test name="Test" parallel='classes' thread-count='5'>
    <classes >
      <class name="testngexercise.day1.CreateLead"/>
      <class name="testngexercise.day1.DeleteLead"/>
      <class name="testngexercise.day1.FindLead"/>
      <class name="testngexercise.day1.DuplicateLead"/>
      <class name="testngexercise.day1.MergeLeadTestCase"/>
    </classes>
  </test> <!-- Test -->
</suite> <!-- Suite -->








