<?xml version="1.0" encoding="UTF-8"?>
<!DOCTYPE suite SYSTEM "https://testng.org/testng-1.0.dtd">
<suite name="Suite" parallel="tests" thread-count="5" verbose="5">
<parameter name="url" value="http://leaftaps.com/opentaps/control/login"></parameter>
<listeners>
<listener class-name="base.ListenerClass"></listener>
</listeners>

  <test name="ChromeTest" >
  <parameter name="browser" value="chrome"></parameter>
  <parameter name="language" value="English"></parameter>
    <classes>
      <class name="testcases.TC01_CreateLead"/>
      <class name="testcases.TC02_EditLead"/>
     <class name="testcases.TC03_DeleteLead"/>
     <class name="testcases.TC04_MergeLead"/>
     <class name="testcases.TC05_DuplicateLead"/>
     
    </classes>
  </test> <!-- Test -->
  
  <test  name="FirefoxTest" >
  <parameter name="browser" value="Firefox"></parameter>
  <parameter name="language" value="English"></parameter>
    <classes>
     <class name="testcases.TC01_CreateLead"/>
      <class name="testcases.TC02_EditLead"/>
     <class name="testcases.TC03_DeleteLead"/>
     <class name="testcases.TC04_MergeLead"/>
     <class name="testcases.TC05_DuplicateLead"/>
     
    </classes>
  </test> <!-- Test -->
  
  <test  name="EdgeBrowserTest" >
  <parameter name="browser" value="Edge"></parameter>
  <parameter name="language" value="English"></parameter>
    <classes>
      <class name="testcases.TC01_CreateLead"/>
      <class name="testcases.TC02_EditLead"/>
     <class name="testcases.TC03_DeleteLead"/>
     <class name="testcases.TC04_MergeLead"/>
     <class name="testcases.TC05_DuplicateLead"/>
     
    </classes>
  </test> <!-- Test -->
</suite> <!-- Suite -->
